,date,clicks_A,clicks_B,clicks_C,cost_A,cost_B,cost_C,bookings_A,bookings_B,bookings_C,booking_rev_A,booking_rev_B,booking_rev_C,booking_con_A,booking_con_B,booking_con_C
313,2019-01-01,61201,8115,81676,47501,4893,65722,2373,252,3167,371986,39742,512900,0.03877387624385222,0.031053604436229204,0.038775160389832995
472,2019-01-02,59130,8040,79556,45954,4869,64165,2294,250,3086,360364,39281,474731,0.03879587349906985,0.03109452736318408,0.03879028608778722
628,2019-01-03,57538,7733,76565,44838,4689,61834,2234,240,2972,339218,38368,445813,0.03882651465118704,0.03103582050950472,0.03881669169986286
784,2019-01-04,55124,7097,74045,43154,4300,60145,2142,221,2877,348974,33317,446521,0.03885784776141064,0.031139918275327604,0.03885475048956716
940,2019-01-05,55259,6576,68129,43446,3962,54985,2149,205,2649,342436,31326,409411,0.038889592645541905,0.03117396593673966,0.03888212068282229
1,2019-01-06,96050,12415,137291,74761,7483,111740,3738,386,5343,565066,60799,812847,0.03891723060905778,0.031091421667337898,0.03891733616915894
157,2019-01-07,91774,11949,113427,71704,7236,91000,3575,372,4418,576164,56522,751332,0.038954387953015014,0.031132312327391415,0.0389501617780599
316,2019-01-08,84549,10527,103994,65951,6329,83245,3296,328,4054,540284,52480,643800,0.038983311452530485,0.031157974731642443,0.038983018251052944
475,2019-01-09,80297,10744,101883,62690,6523,81946,3134,335,3976,473930,51033,614953,0.039030100750962055,0.03118019359642591,0.03902515630674401
631,2019-01-10,77862,9613,98424,60980,5796,79375,3042,300,3845,460781,46213,585829,0.03906912229328813,0.031207739519400812,0.03906567503860847
787,2019-01-11,74924,10691,92335,58630,6559,74166,2930,334,3611,500621,51094,568299,0.03910629437830335,0.03124123094191376,0.03910759733578816
943,2019-01-12,71136,8906,88999,56079,5415,72154,2785,279,3484,427415,44953,529313,0.03915035987404408,0.031327195149337524,0.039146507264126565
4,2019-01-13,128847,16787,172639,101018,10201,140393,5049,526,6766,795529,80124,1020371,0.03918601131574658,0.031333770179305415,0.03919160792173263
160,2019-01-14,118406,14532,147005,92981,8779,118604,4645,456,5767,720654,72562,870085,0.039229430940999614,0.03137902559867878,0.03922995816468828
319,2019-01-15,109015,13347,133048,85867,8086,107440,4281,419,5225,662219,67410,803038,0.03926982525340549,0.03139282235708399,0.039271541097949614
478,2019-01-16,105237,13263,127804,82902,8065,103155,4138,417,5025,648234,66157,798422,0.039320771211646094,0.031440850486315314,0.03931801821539232
634,2019-01-17,103877,12403,119847,82131,7519,96467,4089,391,4717,622561,69030,728223,0.0393638630303147,0.031524631137628,0.03935851544052
790,2019-01-18,95932,11400,117526,75728,6896,95159,3780,359,4631,585839,57108,713461,0.03940291039486303,0.03149122807017544,0.03940404676412028
946,2019-01-19,97804,11673,102997,77922,7130,82591,3858,368,4063,587904,60250,623191,0.03944623941761073,0.031525743167994516,0.039447750905366175
7,2019-01-20,179077,22359,196475,141829,13653,157422,7071,706,7758,1136687,108024,1174109,0.0394858077810104,0.03157565186278456,0.03948593968698308
163,2019-01-21,154520,19058,174526,122186,11601,140122,6108,603,6899,945209,90912,1101670,0.03952886357753042,0.031640256060447056,0.03952992677308825
322,2019-01-22,140968,15974,158932,111981,9665,128158,5578,506,6289,858543,78634,961161,0.039569263946427555,0.03167647427068987,0.03957038230186495
481,2019-01-23,140778,15872,146299,112350,9642,117319,5577,503,5795,851309,76135,878859,0.039615564932020626,0.03169102822580645,0.03961066035994778
637,2019-01-24,132910,14761,141172,105658,8916,113075,5270,468,5598,864388,73060,883415,0.03965089158076894,0.03170516902648872,0.039653755702263906
793,2019-01-25,122432,13913,137203,97651,8456,111001,4860,442,5446,758358,67143,827000,0.0396955044432828,0.03176884927765399,0.039693009628069355
949,2019-01-26,118080,14393,124588,94044,8812,99895,4692,458,4950,746274,68796,747923,0.039735772357723576,0.031821024108941845,0.03973095322181912
10,2019-01-27,214657,25781,238325,171255,15781,192639,8538,820,9479,1352353,128639,1461757,0.03977508303945364,0.031806369031457275,0.039773418651001785
166,2019-01-28,196317,21097,199112,157234,12786,159755,7816,672,7927,1221961,103328,1240331,0.039813159329044355,0.03185287007631417,0.039811764233195386
325,2019-01-29,176665,19198,180004,141033,11613,144036,7040,612,7173,1077101,96177,1177232,0.03984943254181643,0.03187832065840192,0.03984911446412302
484,2019-01-30,165466,17607,175410,132240,10634,141213,6600,562,6996,1048586,90260,1079183,0.039887348458293545,0.0319191230760493,0.039883701043270055
640,2019-01-31,164284,15935,159659,131963,9562,127791,6559,509,6374,1049820,77074,986045,0.03992476443232451,0.03194226545340446,0.03992258500930107
796,2019-02-01,151765,15116,153183,122243,9126,123529,6064,483,6121,924306,73896,959928,0.0399565117121866,0.03195289759195554,0.03995874215807237
952,2019-02-02,142694,15488,140875,114456,9412,112815,5706,495,5634,932417,79009,874732,0.03998766591447433,0.03196022727272727,0.039992901508429456
13,2019-02-03,265241,26041,262481,212975,15644,210484,10616,834,10505,1621868,141923,1581358,0.040023978193416555,0.032026419876348834,0.04002194444550272
169,2019-02-04,224214,22374,232364,179760,13448,187127,8981,717,9307,1409356,109451,1410169,0.04005548270848386,0.03204612496647895,0.04005353669243084
328,2019-02-05,192627,21071,215942,154984,12857,176242,7722,676,8656,1221151,107225,1340092,0.04008783815352988,0.03208200844762944,0.04008483759528021
487,2019-02-06,200324,19293,187717,162071,11650,150642,8036,619,7530,1208159,95743,1146653,0.0401150136778419,0.03208417560773338,0.040113575222276085
643,2019-02-07,187615,19090,177205,151708,11601,142272,7531,613,7114,1209974,96091,1173253,0.04014071369560003,0.0321110529072813,0.04014559408594565
799,2019-02-08,172066,16575,170777,138512,9959,137345,6912,533,6860,1044642,86224,1042684,0.040170632199272374,0.03215686274509804,0.040169343646978224
955,2019-02-09,161701,16671,155534,130320,10114,124742,6500,536,6252,1054147,87747,948035,0.040197648746760996,0.0321516405734509,0.04019699872696645
16,2019-02-10,294408,27456,292986,238431,16530,237136,11842,883,11785,1872124,133710,1802506,0.04022309176381077,0.032160547785547784,0.040223764958052605
172,2019-02-11,250830,27164,250939,202011,16570,202110,10095,875,10100,1574754,140382,1577997,0.04024638201172109,0.03221175084670888,0.04024882541175345
331,2019-02-12,225415,22979,223636,181596,13915,179985,9078,740,9006,1365099,114701,1395115,0.04027238648714593,0.03220331607119544,0.04027079718828811
490,2019-02-13,212675,22406,210223,171454,13634,169231,8570,722,8471,1326552,109726,1307088,0.04029622663688727,0.03222351155940373,0.04029530546134343
646,2019-02-14,202672,18009,197010,164676,10812,159509,8172,581,7943,1350988,90619,1205309,0.04032130733401752,0.03226164695430063,0.04031775036800162
802,2019-02-15,180975,18078,190187,146241,10953,154642,7301,583,7673,1141626,94029,1173061,0.04034258875535295,0.032249142604270385,0.04034450304174313
958,2019-02-16,177312,17957,164730,143186,10891,131807,7157,580,6649,1090366,91062,1108208,0.04036387836130662,0.03229938185665757,0.04036301827232441
19,2019-02-17,327307,28708,304017,266581,17249,245338,13219,928,12278,2075168,143406,1899925,0.04038715945580144,0.03232548418559287,0.040385899472726854
175,2019-02-18,275124,25414,264884,223183,15307,213860,11117,822,10704,1741435,126909,1624165,0.04040723455605472,0.032344377114975995,0.04041014179791909
334,2019-02-19,252459,24102,225964,205452,14624,181360,10207,780,9136,1637911,117382,1470678,0.0404303273006706,0.032362459546925564,0.04043121913225115
493,2019-02-20,215434,20928,235782,174311,12652,192940,8715,677,9538,1321798,107366,1467283,0.04045322465349016,0.03234900611620795,0.04045262148934185
649,2019-02-21,223113,20987,196957,181953,12737,158138,9030,680,7972,1446435,102853,1206565,0.04047276492181092,0.032401010149139944,0.04047583990414151
805,2019-02-22,200961,19007,189344,163279,11500,152699,8139,616,7668,1255705,98610,1152883,0.0405003955991461,0.0324091124322618,0.040497718438397834
961,2019-02-23,189938,17382,169645,154268,10470,135853,7697,564,6875,1274788,86596,1085717,0.04052374985521591,0.03244735933724543,0.04052580388458251
22,2019-02-24,344850,32072,311240,280914,19415,250306,13984,1040,12621,2161387,156678,1970134,0.04055096418732782,0.03242703916188576,0.04055070042411001
178,2019-02-25,283284,27835,275823,230191,16924,223382,11495,904,11192,1769018,137002,1699470,0.040577653520848335,0.032477097179809594,0.0405767466817488
337,2019-02-26,263416,23943,232003,214142,14423,185635,10696,778,9420,1621894,124278,1441798,0.04060497464087223,0.03249383953556363,0.040602923238061576
496,2019-02-27,230685,20179,234979,187897,12121,191836,9373,656,9548,1529044,102798,1537676,0.04063116370808678,0.03250904405570147,0.040633418305465595
652,2019-02-28,225906,20905,205118,183744,12628,164835,9186,680,8340,1452702,110064,1254024,0.04066293059945287,0.032528103324563504,0.04065952281125986
808,2019-03-01,215102,19198,183385,175947,11610,147041,8752,625,7462,1321961,96480,1155541,0.040687673754776804,0.03255547452859673,0.04069035090110969
964,2019-03-02,197585,16614,168970,161694,9977,135599,8045,541,6880,1221323,83941,1138239,0.04071665359212491,0.03256289876008186,0.040717287092383266
25,2019-03-03,346809,32746,317327,283348,19919,256398,14131,1067,12929,2159363,172564,2081906,0.04074577072682658,0.03258413241311916,0.04074346021611776
181,2019-03-04,298351,25202,268719,244215,15147,217102,12164,822,10956,1829482,128246,1644992,0.04077076999909503,0.03261645901118959,0.04077121454009579
340,2019-03-05,269089,24391,228825,219756,14755,183126,10978,796,9335,1768375,120564,1404944,0.040796911059166295,0.032634988315362226,0.04079536763902546
499,2019-03-06,245829,20593,220602,201538,12383,178425,10035,673,9005,1607072,101304,1353336,0.04082105854069292,0.03268100810955179,0.040820119491210415
655,2019-03-07,235372,20426,195838,193665,12382,157475,9614,667,7999,1461679,106930,1206424,0.04084597998062641,0.03265446000195829,0.04084498411952736
811,2019-03-08,213318,17728,185143,174691,10638,148957,8718,580,7566,1387288,87674,1198939,0.040868562427924505,0.032716606498194946,0.04086570920855771
967,2019-03-09,199381,17322,164026,164345,10521,131944,8153,567,6707,1246464,93431,1101581,0.04089155937626955,0.032732940768964325,0.0408898589248046
28,2019-03-10,355367,33038,302187,294386,20337,245310,14538,1081,12362,2272346,162386,1898568,0.04090981998891287,0.032719898298928504,0.04090844410911124
184,2019-03-11,296026,27062,262335,242326,16427,211527,12115,886,10737,1836157,132939,1658925,0.040925459250200996,0.03273963491242332,0.04092858368117102
343,2019-03-12,257191,22910,234902,211048,13895,190586,10530,750,9618,1690805,113446,1450608,0.040942334685117286,0.032736796158882586,0.0409447343998774
502,2019-03-13,247531,22785,208771,203768,13921,168241,10138,747,8551,1659666,123353,1310697,0.040956486258286844,0.03278472679394338,0.040958753849912106
658,2019-03-14,227563,19365,196350,187636,11735,158941,9323,635,8045,1446139,102390,1209780,0.040968874553420374,0.03279111799638523,0.04097275273745862
814,2019-03-15,220219,16966,170422,182061,10181,136449,9025,556,6984,1361357,84328,1054149,0.04098193162261204,0.03277142520334787,0.040980624567250705
970,2019-03-16,189775,16168,166165,155842,9759,134207,7779,530,6811,1181384,81732,1026697,0.04099064681860098,0.03278080158337457,0.04098937802786387
31,2019-03-17,330139,27171,316303,271140,16332,258390,13535,891,12967,2129393,136179,2055156,0.04099788271001003,0.03279231533620404,0.04099550114921452
187,2019-03-18,299550,25192,245197,245962,15180,196356,12282,826,10053,1880733,131402,1633334,0.04100150225338007,0.032788186725944746,0.04099968596679405
346,2019-03-19,260345,22556,217557,214187,13668,175013,10675,740,8921,1602629,115731,1341262,0.04100328410378536,0.032807235325412305,0.041005345725488036
505,2019-03-20,238746,20689,205297,195890,12504,165296,9790,679,8418,1537557,104283,1281750,0.04100592261231602,0.03281937261346609,0.04100400882623711
661,2019-03-21,219524,19788,189949,181011,12078,153817,9001,649,7788,1374095,102290,1213218,0.04100235054025984,0.03279765514453204,0.04100047907596249
817,2019-03-22,208533,16914,168620,171880,10184,135340,8550,555,6913,1337086,84414,1072517,0.04100070492440046,0.03281305427456545,0.040997509192266635
973,2019-03-23,185312,15421,158439,152818,9320,128123,7597,506,6495,1149675,75923,1023303,0.0409957261267484,0.03281239867712859,0.04099369473425104
34,2019-03-24,340188,29257,279755,279221,17672,224073,13943,959,11466,2158757,146065,1742265,0.04098616059355415,0.03277848036367365,0.04098586262980108
190,2019-03-25,272132,27056,249292,223176,16627,202217,11151,887,10215,1780642,133708,1562670,0.04097643790513427,0.032783855706682435,0.04097604415705278
349,2019-03-26,238055,19870,223033,195281,11950,181473,9752,651,9137,1562717,100268,1408157,0.04096532313961059,0.03276295923502768,0.040967031784534126
508,2019-03-27,226408,19970,199685,187659,12219,162932,9272,654,8177,1425778,100578,1316067,0.04095261651531748,0.03274912368552829,0.04094949545534216
664,2019-03-28,213271,18598,179682,174970,11248,144289,8730,609,7355,1391264,94494,1106440,0.040933835355017795,0.032745456500699,0.04093342683184738
820,2019-03-29,185707,17571,174161,152175,10723,141573,7598,575,7126,1248391,87520,1082670,0.04091391277657816,0.032724375391269704,0.040916163779491393
976,2019-03-30,168364,15953,159421,137877,9731,129666,6885,522,6519,1054242,79259,981978,0.040893540186738256,0.032721118284962075,0.04089172693685274
37,2019-03-31,323251,27985,269673,264634,16873,215827,13210,915,11020,2099356,145398,1789976,0.04086607620703416,0.03269608718956584,0.040864306029895464
193,2019-04-01,268889,22766,232690,220047,13683,187012,10981,744,9502,1658957,114292,1450726,0.04083841287668889,0.03268031274707898,0.0408354463019468
352,2019-04-02,231357,21182,207133,188963,12831,166855,9441,691,8452,1500621,106274,1293666,0.04080706440695549,0.03262203757907658,0.04080470036160341
511,2019-04-03,202571,17297,206416,165798,10409,169342,8259,564,8416,1278374,84798,1384895,0.04077089020639677,0.03260681042955426,0.04077203317572281
667,2019-04-04,192562,16506,184272,157195,9912,149603,7844,538,7506,1215304,81306,1151201,0.0407349321257569,0.03259420816672725,0.04073326387079969
823,2019-04-05,181512,15618,163703,148257,9388,131996,7387,508,6662,1161526,77600,1040501,0.0406970338049275,0.03252657190421309,0.04069565004917442
979,2019-04-06,164110,14234,150457,133885,8555,121421,6672,463,6117,1033756,74939,949997,0.040655657790506367,0.032527750456653085,0.040656134310799764
40,2019-04-07,302584,28504,263505,247013,17320,211425,12289,926,10702,1922928,144320,1712501,0.0406135155857547,0.032486668537749085,0.040614030094305614
196,2019-04-08,235003,25051,243009,190916,15384,198248,9534,813,9859,1489979,129524,1518021,0.0405696948549593,0.03245379425971019,0.0405705138492813
355,2019-04-09,211807,21246,209202,171797,12928,169422,8584,689,8478,1311914,109587,1336832,0.040527461320919514,0.0324296338134237,0.0405254251871397
514,2019-04-10,188013,17078,206638,152277,10249,169349,7612,553,8366,1177551,86124,1328288,0.040486562099429295,0.03238084084787446,0.0404862609974932
670,2019-04-11,188391,17290,176122,153189,10430,142012,7620,559,7123,1155674,84570,1081413,0.040447792091978914,0.032330827067669175,0.040443556171290355
826,2019-04-12,173308,17282,161770,141212,10556,130681,7003,559,6536,1051401,84909,982170,0.04040782883652226,0.03234579331095938,0.0404030413550102
982,2019-04-13,157254,15503,150525,127320,9396,121208,6348,501,6076,993565,75220,911477,0.0403678125834637,0.03231632587241179,0.040365387809334
43,2019-04-14,269280,25323,294318,218339,15279,241308,10860,817,11870,1664318,122683,1880798,0.04032976827094474,0.032263159973146945,0.04033052684511311
199,2019-04-15,241562,22580,237908,195314,13576,191994,9734,728,9587,1634095,109893,1452676,0.040296073057848505,0.03224092116917626,0.040297089631286045
358,2019-04-16,217441,22238,205024,175512,13498,164277,8754,716,8254,1364132,112734,1265056,0.040259196747623495,0.03219714003057829,0.04025870142032152
517,2019-04-17,198499,22220,196319,160100,13630,158123,7985,715,7898,1254622,108803,1196416,0.04022690290631187,0.03217821782178218,0.04023044127160387
673,2019-04-18,188494,17993,182938,152154,10828,147118,7577,579,7354,1160070,92458,1196749,0.04019756597026961,0.03217918079253043,0.0401994118225847
829,2019-04-19,173161,17890,170724,139424,10846,137218,6955,575,6857,1049056,88154,1043247,0.04016493321244391,0.03214086081609838,0.040164241700053886
985,2019-04-20,162744,16559,154697,131210,10033,123934,6532,532,6209,990040,84094,964798,0.04013665634370545,0.03212754393381243,0.040136524948770826
46,2019-04-21,284570,30680,296785,230081,18777,241221,11415,984,11904,1748602,152500,1855940,0.04011315317847981,0.032073011734028684,0.040109843826338934
202,2019-04-22,248337,28409,247898,199430,17398,199034,9955,911,9937,1620407,139268,1579706,0.04008665643862976,0.032067302615368366,0.04008503497406191
361,2019-04-23,208863,26268,231993,167355,16242,188345,8368,842,9294,1362834,127772,1476269,0.04006453991372335,0.032054210446170246,0.04006155358135806
520,2019-04-24,207832,20462,211886,167049,12309,170719,8322,655,8484,1311829,103684,1279453,0.040041956965241154,0.032010556152868734,0.04004039908252551
676,2019-04-25,186663,19078,207138,149621,11499,168208,7470,611,8290,1203632,94757,1269751,0.04001864322334903,0.032026417863507704,0.040021628093348395
832,2019-04-26,178503,17442,189210,143461,10482,153178,7140,558,7569,1072646,87015,1185679,0.039999327742390886,0.03199174406604747,0.04000317107975265
988,2019-04-27,173484,17408,166056,140043,10542,133315,6937,557,6640,1094328,86512,1012398,0.03998639644001752,0.031996783088235295,0.03998651057474587
49,2019-04-28,312628,31775,311993,250386,19123,249814,12496,1016,12470,1896341,155731,2015731,0.03997082794887214,0.03197482297403619,0.039968845454865974
205,2019-04-29,255136,29379,279982,204493,17972,227029,10194,939,11187,1586083,148788,1815427,0.03995516116894519,0.03196160522822424,0.03995614003757384
364,2019-04-30,247448,23870,232788,199582,14373,186330,9884,763,9299,1530179,119229,1482716,0.03994374575668423,0.031964809384164225,0.03994621715896009
523,2019-05-01,222569,22205,231565,178935,13383,187091,8888,709,9248,1426927,115025,1496266,0.03993368348691866,0.031929745552803424,0.03993695074817006
679,2019-05-02,197973,21053,228915,158224,12715,186305,7905,672,9140,1279070,103811,1504613,0.03992968738161264,0.03191944140977533,0.03992748400061158
835,2019-05-03,196684,21003,201184,157693,12732,161757,7852,671,8031,1236829,103513,1210696,0.039921905188017325,0.031947816978526875,0.03991868140607603
991,2019-05-04,172146,20457,196480,137993,12565,160124,6871,653,7843,1035518,104677,1251846,0.03991379410500389,0.03192061397076795,0.03991754885993486
52,2019-05-05,338579,34589,343898,271055,20821,275851,13514,1104,13726,2192373,173491,2100400,0.03991387534371594,0.031917661684350514,0.03991299745854875
208,2019-05-06,279509,30228,308266,223551,18308,249588,11156,965,12304,1678613,151848,1973929,0.03991284717128966,0.031924043932777556,0.03991358112798687
367,2019-05-07,256650,26574,269846,206023,16067,217978,10244,849,10770,1655901,128582,1653196,0.03991428014806156,0.03194852111086024,0.03991165331337133
526,2019-05-08,249502,26401,247823,200115,15992,198601,9959,843,9892,1511534,137327,1518396,0.03991551169930502,0.03193060868906481,0.039915584913426116
682,2019-05-09,231899,23484,238172,185990,14146,191660,9257,750,9507,1574888,117707,1462118,0.039918240268392705,0.03193663771078181,0.039916530910434476
838,2019-05-10,226633,21822,214025,182758,13134,171361,9048,697,8545,1418850,104631,1429667,0.039923576884213684,0.03194024379066997,0.039925242378226845
994,2019-05-11,197467,21230,211734,157818,12839,170703,7885,678,8454,1221472,105051,1365997,0.03993072260175118,0.03193593970796044,0.0399274561478081
55,2019-05-12,371329,40047,383314,297215,24265,308029,14830,1279,15308,2286619,200682,2312235,0.03993762943373666,0.03193747346867431,0.03993592720328504
211,2019-05-13,321613,34145,330216,257438,20650,265198,12847,1091,13191,2120583,171794,2075597,0.03994552459011296,0.03195196954166057,0.03994658042008867
370,2019-05-14,292232,29761,292698,234006,17912,234426,11676,951,11695,1829591,153943,1758656,0.039954556653617676,0.03195457141897114,0.03995585893993126
529,2019-05-15,269329,26748,286557,216459,16107,232097,10764,855,11452,1747659,129322,1800318,0.039965989551812096,0.0319650067294751,0.03996412581092069
685,2019-05-16,251782,28021,269604,201559,17048,217679,10065,896,10778,1596669,138356,1743393,0.03997505778808652,0.03197601798651012,0.0399771516743075
841,2019-05-17,243332,23867,247763,195274,14328,199279,9730,764,9907,1528331,115779,1494335,0.03998652047408479,0.03201072610717728,0.0399857928746423
997,2019-05-18,218932,24326,236010,175815,14844,191318,8757,778,9440,1393448,124270,1471991,0.03999872106407469,0.03198224122338239,0.039998305156561165
58,2019-05-19,396199,39676,448716,317682,23861,365433,15853,1270,17954,2610663,195101,2785638,0.040012720880163756,0.03200927512854118,0.04001194519473342
214,2019-05-20,369901,35565,357683,297773,21364,286732,14805,1139,14316,2336574,175634,2262092,0.04002422269742444,0.03202586812877829,0.040024267298138294
373,2019-05-21,324516,36571,322208,260334,22332,258252,12993,1171,12900,2087149,176315,2037534,0.04003808749029324,0.0320199064832791,0.04003624987585659
532,2019-05-22,288618,29238,329138,231345,17603,268193,11559,937,13182,1774357,142145,2116841,0.04004947716358647,0.032047335659073806,0.04005007018332736
688,2019-05-23,272472,27530,309337,219084,16621,252702,10917,882,12394,1714402,132322,1896570,0.04006650224610235,0.03203777697057755,0.040066335420593076
844,2019-05-24,270325,27383,272613,216891,16502,218957,10834,878,10926,1711266,135174,1653288,0.04007768426893554,0.03206368915020268,0.04007879301427298
1000,2019-05-25,250694,25492,253752,201177,15372,203939,10051,818,10174,1555791,130132,1565396,0.04009270265742299,0.03208849835242429,0.04009426526687474
61,2019-05-26,457453,44222,474705,368251,26583,383911,18347,1419,19039,2817910,220864,2967254,0.040106852507252114,0.03208810094523088,0.04010701382964157
217,2019-05-27,395723,37296,407700,319539,22417,330439,15877,1197,16358,2458801,184204,2497181,0.04012149912944155,0.03209459459459459,0.04012263919548688
376,2019-05-28,339102,35526,376575,272216,21511,306284,13611,1141,15115,2285023,178075,2412683,0.04013836544756445,0.03211732252434837,0.0401380867025161
535,2019-05-29,339419,33054,337280,273347,19896,271410,13629,1062,13543,2045173,166844,2314432,0.04015391006396224,0.032129243056816116,0.040153581593927894
691,2019-05-30,315701,29618,321614,255553,17836,260944,12681,952,12919,2024525,155000,2117639,0.04016775366565199,0.032142615976770886,0.04016927123819237
847,2019-05-31,304696,30379,287688,246176,18399,230771,12244,977,11560,1880249,147058,1781935,0.040184314858088065,0.032160373942526084,0.040182419843719584
1003,2019-06-01,276502,27690,273083,222597,16719,219503,11115,890,10978,1669850,134984,1673142,0.04019862424141597,0.03214156735283496,0.04020023216384762
64,2019-06-02,503767,46371,510853,407522,27840,413976,20259,1492,20543,3046951,238306,3336297,0.04021502003902598,0.032175281965021243,0.04021313371948486
220,2019-06-03,441089,41860,428359,355887,25162,344353,17745,1347,17233,2914251,203717,2643445,0.040229976263293804,0.032178690874343045,0.040230274139215004
379,2019-06-04,390418,38703,383124,316170,23478,309533,15712,1246,15419,2424593,192199,2359349,0.04024404612492252,0.03219388677880268,0.040245455779329926
538,2019-06-05,368472,40177,356857,296757,24529,286255,14835,1294,14367,2336983,197441,2390870,0.04026086106949782,0.03220748189262514,0.040259823963100065
694,2019-06-06,344873,34351,338301,278708,20807,272740,13890,1107,13625,2159530,167505,2139560,0.04027569569087751,0.03222613606590784,0.04027478488091966
850,2019-06-07,326653,33908,307779,264420,20679,247295,13161,1093,12401,2012029,172967,2029212,0.040290461131537135,0.032234280995635245,0.04029189775780674
1006,2019-06-08,305550,30065,282380,247093,18195,226115,12315,969,11382,1851472,152484,1875781,0.040304369170348554,0.032230167969399634,0.04030738720872583
67,2019-06-09,554820,51858,526385,448875,31198,423078,22371,1673,21224,3409472,251701,3463155,0.04032118524927003,0.03226117474642293,0.04032029788082867
223,2019-06-10,457647,43062,470172,369786,25895,381191,18460,1390,18965,2889078,210823,3033442,0.04033676611012418,0.032279039524406666,0.04033630245952545
382,2019-06-11,421483,39939,401887,340451,24030,322696,17007,1289,16217,2701370,199518,2443513,0.04035038186593528,0.03227421818272866,0.04035213878528044
541,2019-06-12,373188,38467,400115,301611,23402,326202,15064,1242,16151,2476776,214199,2425393,0.04036571379572762,0.03228741518704344,0.04036589480524349
697,2019-06-13,364600,34653,359948,295515,20929,291277,14723,1119,14535,2303680,174696,2380640,0.0403812397147559,0.03229157648688425,0.040380832786958115
853,2019-06-14,349521,33164,322962,283357,20030,259252,14120,1072,13047,2165915,163003,2125157,0.0403981448897205,0.03232420697141479,0.04039794155349546
1009,2019-06-15,317111,28593,305441,257062,17158,246444,12815,924,12344,1939862,148622,1896069,0.04041171703283708,0.03231560172070087,0.040413696916916854
70,2019-06-16,562340,55000,574109,455388,33307,466124,22735,1779,23210,3509039,277675,3669508,0.040429277661201406,0.032345454545454545,0.040427863001625125
226,2019-06-17,488563,48287,482048,396234,29324,390294,19759,1562,19496,3199500,248105,2961443,0.040443095363341064,0.03234825108207178,0.04044410515135422
385,2019-06-18,459206,45868,399161,375143,28096,320428,18579,1485,16150,2929632,231751,2467520,0.040458966128491355,0.032375512339757564,0.04045986456592703
544,2019-06-19,421932,39345,387306,342347,23731,310907,17078,1274,15676,2568854,213501,2352003,0.040475716466160425,0.032380226204092005,0.04047445688938462
700,2019-06-20,406274,38373,347397,332440,23379,278754,16450,1243,14066,2519858,202544,2236301,0.040489915672674105,0.03239256769082428,0.04048969910505848
856,2019-06-21,374584,32264,327815,305948,19396,263322,15173,1046,13279,2303111,166315,2092673,0.040506268286952994,0.0324200347136127,0.04050760337385415
1012,2019-06-22,335097,30501,310884,272004,18349,249995,13579,989,12597,2060731,159813,2083808,0.04052259495011892,0.03242516638798728,0.04051993669664569
73,2019-06-23,602426,56770,575916,491032,34443,466790,24420,1841,23346,4122896,287292,3595221,0.040536099039550084,0.032429099876695434,0.04053716166941012
229,2019-06-24,542285,48496,463095,442855,29287,370796,21991,1573,18779,3450739,248754,2817956,0.04055247701854191,0.03243566479709667,0.0405510748334575
388,2019-06-25,468467,45068,419602,380535,27320,336181,19004,1463,17022,2977864,222021,2628335,0.04056635792916043,0.03246205733558179,0.040567013503272145
547,2019-06-26,443321,40660,389680,360925,24557,312180,17991,1320,15814,2875450,220626,2509524,0.04058233198968693,0.03246433841613379,0.04058201601313899
703,2019-06-27,417651,35770,360092,341513,21513,289040,16955,1162,14618,2861074,179442,2317499,0.04059609578332148,0.0324853228962818,0.04059518123146307
859,2019-06-28,394199,33767,324788,323866,20405,260457,16009,1097,13190,2614538,172385,2033887,0.0406114678119427,0.03248733971036811,0.04061110632166213
1015,2019-06-29,336051,31928,323467,273144,19337,261665,13652,1038,13141,2107599,159702,2079594,0.04062478611877364,0.032510648960160364,0.040625473386775156
76,2019-06-30,625597,53875,579834,510473,32356,468660,25424,1752,23564,3868237,269921,3634065,0.040639581072159876,0.032519721577726216,0.04063921743119583
232,2019-07-01,535675,46587,489572,438165,28082,395974,21777,1515,19903,3498010,246537,3212598,0.040653381247958184,0.032519801661407687,0.04065387726422263
391,2019-07-02,479757,46872,420016,390633,28536,336352,19510,1525,17081,3342090,245832,2578297,0.04066642070881717,0.03253541559993173,0.04066749838101406
550,2019-07-03,440188,38729,405133,358429,23273,326481,17907,1260,16481,2728058,193839,2492422,0.04068034567048625,0.03253376023135118,0.04068046789572807
706,2019-07-04,387237,38216,395618,315850,23336,323551,15759,1244,16100,2473680,193020,2468136,0.04069600787114867,0.032551810759891144,0.04069582273809584
862,2019-07-05,382861,34509,340403,312347,20840,273658,15586,1124,13858,2420218,174576,2244396,0.04070929136161688,0.03257121330667362,0.04071056953082082
1018,2019-07-06,362755,30465,301009,297241,18316,240960,14773,993,12258,2277723,149494,1893667,0.0407244558999876,0.032594780896110294,0.04072303485942281
79,2019-07-07,639242,56083,565706,523485,33882,456242,26042,1828,23046,3923669,286355,3591725,0.04073887510520272,0.032594547367294904,0.0407384754625194
235,2019-07-08,547491,46572,476379,447164,27953,382375,22313,1518,19414,3565165,248312,3080511,0.040755007844877816,0.03259469208966761,0.04075326578207687
394,2019-07-09,480117,47504,415263,392135,29056,333069,19574,1549,16930,3261956,257603,2824296,0.0407692291670572,0.032607780397440216,0.04076934376527647
553,2019-07-10,434076,38403,405706,355268,23212,329255,17704,1253,16547,2697486,195195,2552996,0.040785484569522384,0.03262765929745072,0.04078569210216265
709,2019-07-11,409749,41191,362518,335235,25288,292087,16719,1345,14792,2514592,209876,2239773,0.040803028195309815,0.03265276395329077,0.04080349113699182
865,2019-07-12,373931,32200,342650,305895,19387,277261,15264,1052,13987,2327374,164500,2202088,0.04082036525455231,0.03267080745341615,0.040820078797606886
1021,2019-07-13,361113,31541,291568,297192,19139,233626,14748,1030,11907,2332964,158494,1826232,0.0408404017578985,0.032655908182999904,0.04083781484936619
82,2019-07-14,622805,53036,563847,510566,31956,456522,25447,1734,23038,3960028,274758,3522020,0.0408586957394369,0.032694773361490306,0.04085860171287601
238,2019-07-15,521680,47253,480741,426504,28614,389040,21325,1545,19652,3266111,236524,2968706,0.04087754945560497,0.03269633674052441,0.040878560389066045
397,2019-07-16,485988,42149,394142,399815,25544,315874,19876,1379,16119,3068915,214904,2426966,0.04089812917191371,0.03271726494104249,0.04089642819085507
556,2019-07-17,451908,35931,369014,372796,21599,296800,18491,1176,15099,2860341,188005,2345788,0.04091762040061252,0.03272939801285798,0.04091714677491911
712,2019-07-18,402746,34678,354289,331391,21001,286885,16488,1136,14504,2540303,181448,2186017,0.040938954080239155,0.0327585212526674,0.04093833000742332
868,2019-07-19,356452,29648,340826,292849,17850,278446,14601,972,13961,2288025,151177,2192165,0.04096203696430375,0.032784673502428495,0.0409622505325298
1024,2019-07-20,325386,27985,309186,267458,16928,252525,13335,918,12672,2005459,143308,1963022,0.04098209511165201,0.03280328747543327,0.04098503813238633
85,2019-07-21,609228,53768,534345,499656,32556,431115,24982,1764,21911,3804265,266292,3365972,0.041005994471692044,0.03280761791400089,0.04100534299001581
241,2019-07-22,492219,40410,478555,404357,24288,391751,20195,1326,19635,3207806,211101,3032572,0.041028485288052675,0.03281365998515219,0.04102976669348351
400,2019-07-23,473352,42991,369794,392528,26414,297333,19432,1412,15181,2949385,216232,2278669,0.041051902178505635,0.032844083645414156,0.04105258603438671
559,2019-07-24,412181,35325,373606,338890,21364,303424,16930,1161,15346,2720463,182436,2419910,0.04107418828136183,0.03286624203821656,0.04107535746213926
715,2019-07-25,391590,36872,328228,322529,22603,264443,16094,1212,13490,2465387,182013,2216263,0.04109910876171506,0.032870470817964854,0.041099479630013286
871,2019-07-26,363182,28478,301276,299730,17097,242899,14935,937,12389,2449843,141075,1951663,0.04112263272959563,0.03290259147412038,0.0411217621051793
1027,2019-07-27,315958,27476,286480,260741,16709,233538,13000,904,11787,2183516,139174,1855845,0.04114470910690662,0.03290144125782501,0.041144233454342365
88,2019-07-28,587848,46359,501153,486296,27918,406391,24200,1527,20631,3895203,233867,3207242,0.04116710442155115,0.0329385879764447,0.041167068739486744
244,2019-07-29,513875,42371,400089,425130,25660,320799,21166,1396,16479,3297885,211981,2763754,0.04118900510824617,0.03294706284959052,0.04118833559533004
403,2019-07-30,428685,33360,373847,354067,20024,303536,17666,1100,15406,2929324,165872,2336905,0.04120974608395442,0.03297362110311751,0.04120937174833555
562,2019-07-31,404117,32273,336143,334807,19495,272153,16662,1065,13859,2588744,167316,2116594,0.04123063370261583,0.03299972112911722,0.04122947674055387
718,2019-08-01,371007,30065,308978,307394,18195,250212,15304,992,12746,2346213,153621,2048290,0.04124989555453132,0.03299517711624813,0.04125212798322211
874,2019-08-02,350436,26605,271449,290895,16001,218248,14463,878,11203,2324121,133402,1864562,0.04127144471458412,0.033001315542191316,0.04127110433267391
1030,2019-08-03,323783,25695,238423,269149,15561,190754,13369,849,9845,2010310,127836,1570025,0.04128999978380582,0.03304144775248103,0.041292157216375934
91,2019-08-04,555357,45089,456230,459783,27273,368546,22942,1490,18847,3600500,231536,2986068,0.041310364324209474,0.03304575395329238,0.04131030401332661
247,2019-08-05,474585,39771,373136,393437,24184,300173,19615,1315,15422,3005467,198004,2400781,0.04133084695049359,0.03306429307787081,0.04133077483812873
406,2019-08-06,406683,35927,330802,337915,22042,267860,16816,1188,13679,2657942,183030,2106176,0.04134915892722341,0.03306705263450887,0.041351019643170235
565,2019-08-07,386047,30239,296318,320028,18233,237654,15970,1001,12258,2451065,150224,1956795,0.041368019956119335,0.03310294652600946,0.041367719814523585
721,2019-08-08,358963,26843,267111,299249,16182,214600,14856,889,11055,2327419,133370,1807338,0.04138588099609152,0.03311850389300749,0.041387288430652425
877,2019-08-09,313666,25407,255333,260742,15426,206862,12987,842,10572,1996583,133815,1624253,0.04140391371713861,0.033140473097965126,0.04140475379210678
1033,2019-08-10,285087,21517,230518,236542,12925,186252,11809,713,9549,1902914,112277,1541023,0.041422442973548426,0.03313658967328159,0.04142409703363729
94,2019-08-11,534104,38853,389274,447019,23434,313173,22133,1288,16131,3346991,194295,2561791,0.041439494929826404,0.03315059326178159,0.041438678154718786
250,2019-08-12,449265,32371,323854,375299,19464,259690,18624,1074,13425,3017449,167768,2119068,0.04145437547995059,0.03317784436687158,0.04145386501324671
409,2019-08-13,370375,26961,302273,308756,16198,245665,15359,894,12535,2324841,142295,1881318,0.0414687816402295,0.03315900745521309,0.04146913551656946
568,2019-08-14,349765,26422,266247,290326,15880,213591,14509,877,11045,2289683,140156,1766311,0.04148213800694752,0.03319203693891454,0.041484035500869494
724,2019-08-15,318339,25625,242658,264235,15523,194696,13209,851,10069,2021756,128033,1710254,0.04149350220990831,0.03320975609756097,0.04149461381862539
880,2019-08-16,291134,22298,218777,241821,13433,175344,12084,740,9080,1893679,116464,1387187,0.0415066601633612,0.03318683289981164,0.041503448717186905
1036,2019-08-17,258859,18961,201421,216340,11430,163139,10747,630,8362,1855655,100803,1272659,0.041516810309859806,0.033226095670059595,0.04151503567155361
97,2019-08-18,482965,39724,332848,404851,24368,266328,20055,1320,13821,3028896,207133,2080527,0.04152474817015726,0.03322928204611821,0.041523458155073786
253,2019-08-19,386289,30068,297325,321442,18184,239448,16044,999,12349,2452130,159747,1961227,0.041533670386679405,0.03322469070107756,0.041533675271167914
412,2019-08-20,340683,24573,252488,284005,14747,202746,14152,817,10489,2266494,125907,1580190,0.04154008271619071,0.03324787368249705,0.04154256835968442
571,2019-08-21,285850,25389,254127,237963,15616,208467,11876,844,10558,1824730,132517,1591270,0.04154626552387616,0.03324274292016228,0.041546156055830355
727,2019-08-22,268014,22883,223704,223556,14033,182429,11137,761,9296,1686609,118406,1444149,0.04155379942838807,0.033256129004064154,0.04155491184779888
883,2019-08-23,248541,20333,196589,206950,12381,158964,10329,676,8170,1592666,103872,1253364,0.04155853561384239,0.03324644666306005,0.04155878507953141
1039,2019-08-24,230173,17817,169975,192363,10814,136771,9567,592,7065,1577781,94716,1108428,0.04156438852515282,0.03322669360722905,0.04156493602000294
100,2019-08-25,422338,31877,290000,355116,19405,232649,17557,1060,12056,2671138,159093,1827913,0.04157096922370234,0.033252815509615084,0.04157241379310345
256,2019-08-26,326785,28341,264216,271990,17377,214147,13586,943,10985,2310779,143574,1883555,0.041574735682482364,0.03327334956423556,0.041575831895116114
415,2019-08-27,302410,22205,210309,253346,13421,168368,12575,739,8745,1938802,112984,1469480,0.041582619622366986,0.033280792614276064,0.04158167268162561
574,2019-08-28,263141,19684,205790,219074,11851,166143,10943,655,8558,1774376,101545,1366231,0.04158606982568281,0.033275756959967484,0.04158608290004374
730,2019-08-29,249813,18112,176044,209024,10917,140995,10390,603,7322,1586323,96386,1105703,0.04159111015039249,0.0332928445229682,0.04159187475858308
886,2019-08-30,219317,17080,164568,182639,10338,132214,9123,568,6846,1463570,85450,1088702,0.041597322596971506,0.03325526932084309,0.04159982499635409
1042,2019-08-31,195788,15061,148726,163426,9123,119949,8145,501,6187,1239274,76929,930271,0.041601119578319405,0.03326472345793772,0.041599989241961725
103,2019-09-01,354803,26731,258005,296186,16152,206971,14763,890,10735,2298600,142103,1611660,0.04160900556083235,0.03329467659272006,0.041607720780605026
259,2019-09-02,293441,25437,212866,246180,15720,171558,12212,847,8858,1877356,135114,1337368,0.04161654301886921,0.03329795180249243,0.041613033551624025
418,2019-09-03,249503,19243,190185,208200,11657,153407,10385,641,7916,1587957,98124,1291051,0.04162274601908594,0.03331081432209115,0.041622630596524435
577,2019-09-04,225535,16710,176721,188058,10064,142931,9389,556,7357,1538934,83826,1120237,0.041629902232469464,0.03327348892878516,0.041630592855404845
733,2019-09-05,200258,14780,165489,167271,8913,134973,8338,492,6890,1254707,77243,1090674,0.04163628918694884,0.033288227334235455,0.04163418716651862
889,2019-09-06,186413,15857,141297,155283,9707,113694,7762,528,5884,1251403,82643,912539,0.0416387269128226,0.03329759727565113,0.04164278080921746
1045,2019-09-07,168736,11898,127407,141125,7143,102882,7027,396,5306,1089272,62845,843123,0.04164493646880334,0.03328290468986384,0.041646063403109716
106,2019-09-08,304482,22174,221143,254646,13366,177700,12683,739,9211,1904499,114549,1459688,0.04165435066769136,0.03332732028501849,0.04165178187869387
262,2019-09-09,250260,17765,187379,209157,10667,151040,10426,592,7806,1607218,90847,1297973,0.04166067290018381,0.03332395159020546,0.04165888386638844
421,2019-09-10,223428,15830,153714,187544,9544,123134,9309,528,6404,1440800,84980,982609,0.04166442880928084,0.03335439039797852,0.04166178747544141
580,2019-09-11,201618,14641,142386,169157,8850,114379,8401,488,5933,1279294,73721,1002590,0.04166790663532026,0.03333105662181545,0.04166842245726406
736,2019-09-12,175063,13087,137435,145932,7889,111152,7295,436,5727,1130060,68363,872403,0.04167071282909581,0.03331550393520287,0.04167060792374577
892,2019-09-13,162807,11690,119243,135947,7023,95769,6784,390,4969,1119316,59415,814154,0.04166897000743211,0.033361847733105215,0.041671209211442184
1048,2019-09-14,143987,10764,108348,120446,6511,87469,5999,359,4514,912369,56743,696677,0.04166348350892789,0.03335191378669639,0.04166205190681877
109,2019-09-15,256138,18065,193135,214168,10843,155889,10671,602,8046,1792904,91350,1223477,0.04166113579398605,0.03332410738998062,0.041659978771325754
265,2019-09-16,217032,16253,154778,181449,9828,124048,9040,542,6447,1422702,85654,985839,0.041652843820266135,0.03334768965729404,0.041653206528059546
424,2019-09-17,185513,14133,134871,154604,8537,108008,7726,471,5617,1167159,71767,889337,0.041646677052282054,0.03332625769475695,0.04164720362420387
583,2019-09-18,169757,12511,122800,141787,7543,98498,7068,417,5113,1159271,64714,780332,0.041635985555823915,0.03333066901127008,0.04163680781758958
739,2019-09-19,157234,11415,108214,131820,6895,86583,6544,380,4504,1010748,60020,708489,0.04161949705534426,0.033289531318440646,0.041621232003252816
895,2019-09-20,136639,9982,103242,114286,6020,83379,5685,332,4295,874185,50937,651741,0.04160598365034873,0.03325986776197155,0.04160128629821197
1051,2019-09-21,121269,8794,93963,102066,5332,76602,5043,293,3907,805455,44204,590973,0.04158523612794696,0.03331817148055492,0.041580196460308846
112,2019-09-22,212082,15769,170741,176307,9473,138144,8814,524,7096,1490311,81170,1070473,0.04155939683707245,0.033229754581774365,0.04156002366156928
268,2019-09-23,187989,13292,130443,157565,8000,104450,7808,442,5418,1187892,66931,820363,0.041534345094659794,0.03325308456214264,0.04153538327085394
427,2019-09-24,153436,11252,122057,128743,6811,99527,6368,374,5066,1011733,57921,805197,0.04150264605438098,0.03323853537148951,0.04150519839091572
586,2019-09-25,131143,9931,121263,109096,5984,99894,5438,329,5028,826369,51129,763058,0.04146618576668217,0.03312858725203907,0.04146359565572351
742,2019-09-26,128447,10801,99667,106580,6577,80118,5321,358,4129,814244,55611,680871,0.04142564637554789,0.0331450791593371,0.041427955090451205
898,2019-09-27,117442,9443,89520,97237,5705,71646,4860,313,3705,743655,48614,556112,0.04138212905093578,0.03314624589643122,0.04138739946380697
1054,2019-09-28,104762,8786,81207,86658,5331,65068,4330,291,3356,652999,45805,519194,0.041331780607472175,0.03312087411791487,0.041326486632925735
115,2019-09-29,175416,14578,157866,145235,8844,128993,7240,481,6516,1119435,77179,1002874,0.0412733160031012,0.03299492385786802,0.04127551214321006
271,2019-09-30,153525,12817,124336,126735,7757,99969,6327,423,5124,1031752,64373,775142,0.04121152906692721,0.033003042833736444,0.0412109123664908
430,2019-10-01,134092,10660,107593,110643,6409,86368,5517,351,4427,875852,53768,680752,0.04114339408764132,0.032926829268292684,0.041145799447919476
589,2019-10-02,122961,9742,99235,101358,5849,79638,5050,320,4076,784110,48066,659491,0.04106993274290222,0.032847464586327244,0.04107421776590921
745,2019-10-03,106980,9542,95786,88272,5820,77951,4386,313,3927,753928,50000,594816,0.040998317442512616,0.032802347516243974,0.04099764057377905
901,2019-10-04,99833,8733,84839,81883,5282,68184,4084,286,3471,644265,43398,524763,0.040908316889204974,0.03274934157792282,0.04091278775091644
1057,2019-10-05,91000,8677,75498,74646,5306,60501,3715,283,3082,561810,43073,478395,0.04082417582417582,0.032614959087242136,0.04082227343770696
118,2019-10-06,155534,13838,145744,127850,8406,118833,6337,451,5938,970609,68646,910229,0.04074350302827678,0.03259141494435612,0.04074267208255571
274,2019-10-07,130415,12236,122724,106232,7415,99210,5301,398,4989,843221,63983,806631,0.0406471648199977,0.032526969597907816,0.04065219516964897
433,2019-10-08,108888,10000,113449,88531,6032,92713,4416,324,4601,691743,50254,694534,0.04055543310557637,0.0324,0.04055566818570459
592,2019-10-09,104427,9615,101463,84603,5781,81906,4226,311,4106,653234,47481,648324,0.04046846122171469,0.03234529381175247,0.040467953835388266
748,2019-10-10,96813,10120,92266,78283,6170,74159,3909,327,3725,611845,54042,564151,0.040376808899631245,0.03231225296442688,0.04037240153469317
904,2019-10-11,85873,8937,88539,69358,5440,71785,3459,288,3567,526943,44706,565711,0.0402804140998917,0.032225579053373615,0.040287331006675024
1060,2019-10-12,78691,7742,81452,63312,4662,65816,3163,249,3274,481547,37416,523007,0.0401951938595265,0.032162231981400155,0.04019545253646319
121,2019-10-13,137616,13644,154197,110419,8201,125495,5519,438,6184,888269,70313,955325,0.04010434833158935,0.03210202286719437,0.0401045415928974
277,2019-10-14,124575,12858,122863,99868,7760,98325,4985,412,4917,829554,62042,748742,0.04001605458559101,0.03204230829055841,0.040020185084199474
436,2019-10-15,109121,12043,109517,87390,7322,87747,4358,385,4374,656288,61421,656407,0.039937317289980845,0.03196877854355227,0.03993900490334834
595,2019-10-16,100403,10614,105632,80653,6438,85393,4002,338,4210,607998,51004,645030,0.039859366751989485,0.03184473337101941,0.039855346864586486
751,2019-10-17,85520,10235,107057,68269,6266,87895,3402,326,4259,525940,50384,662251,0.03978016838166511,0.03185148998534441,0.03978254574665832
907,2019-10-18,89389,9281,90411,71419,5587,72338,3550,295,3591,575625,44476,575793,0.03971405877680699,0.03178536795603922,0.03971861830971895
1063,2019-10-19,81566,8913,84895,65042,5389,68036,3234,283,3366,497179,42709,517461,0.039648873305053574,0.03175137439694828,0.03964897814947877
124,2019-10-20,142852,16521,163830,113120,9990,131973,5656,523,6486,850842,80410,1016324,0.03959342536331308,0.031656679377761635,0.03958981871452115
280,2019-10-21,123396,14159,141389,97789,8560,113971,4878,448,5590,755588,67440,861356,0.039531265194982006,0.03164065258845964,0.03953631470623599
439,2019-10-22,108877,11928,129519,86380,7178,105011,4299,377,5114,668660,56733,798649,0.03948492335387639,0.03160630449362844,0.03948455438970344
598,2019-10-23,106549,12674,118774,84467,7700,95445,4202,400,4684,649549,63578,744742,0.03943725422106261,0.031560675398453523,0.03943624025460118
754,2019-10-24,97959,11132,116371,77914,6747,94573,3860,351,4585,592086,55974,706048,0.0394042405496177,0.03153072224218469,0.03939985047821193
910,2019-10-25,94339,10925,107363,74667,6604,86360,3714,344,4226,576499,53047,664422,0.0393686598331549,0.03148741418764302,0.03936179130612967
1066,2019-10-26,86518,10067,102809,68814,6119,83554,3403,317,4044,519763,49774,627258,0.03933285559074412,0.03148902354226681,0.039335077668297525
127,2019-10-27,151035,18025,202278,118826,10872,165060,5937,567,7951,963704,94200,1221394,0.03930876949051544,0.03145631067961165,0.039307289967272764
283,2019-10-28,132355,15898,175418,104052,9590,142849,5200,500,6892,814766,82861,1093107,0.039288277737901854,0.0314504969178513,0.03928901253007103
442,2019-10-29,122587,14487,156092,96440,8727,126564,4814,455,6130,763535,68776,955677,0.039270069420085325,0.03140746876509974,0.039271711554724135
601,2019-10-30,127736,14572,138836,101328,8812,111286,5014,458,5450,764680,72969,829929,0.03925283397006325,0.03143013999451002,0.039254948284306666
757,2019-10-31,115721,12685,134227,91744,7629,108407,4559,400,5288,708892,63291,828006,0.039396479463537304,0.031533307055577456,0.03939594865414559
913,2019-11-01,110322,12250,121119,87886,7414,97620,4362,388,4789,723756,59269,723992,0.039538804590199594,0.0316734693877551,0.03953962631791874
1069,2019-11-02,104590,10905,109163,83626,6573,87750,4151,346,4332,627170,53341,666101,0.039688306721483886,0.0317285648784961,0.039683775638265716
130,2019-11-03,192527,19561,198915,154095,11764,159859,7669,623,7924,1151240,99225,1217284,0.039833374020267286,0.031849087469965745,0.0398361109016414
286,2019-11-04,167531,17517,166160,134458,10602,133221,6698,560,6644,1088497,84527,1074779,0.03998066029570647,0.03196894445395901,0.03998555609051516
445,2019-11-05,149468,15939,146254,120599,9722,117686,5999,512,5870,1018187,85291,920190,0.04013568121604624,0.0321224669050756,0.04013565440945205
604,2019-11-06,136040,12670,143947,109827,7602,117034,5480,408,5799,861388,63727,873865,0.04028226992061158,0.032202052091554856,0.040285660694561194
760,2019-11-07,139249,12415,121476,113556,7484,97386,5630,402,4912,900552,64430,737375,0.040431170062262566,0.03238018525976641,0.04043597089136949
916,2019-11-08,127358,10602,115527,104554,6379,93693,5169,344,4689,816375,52754,727397,0.04058637855493962,0.03244670816827014,0.04058791451349035
1072,2019-11-09,119067,10903,103699,97263,6606,83259,4850,355,4224,737977,53470,681816,0.040733368607590685,0.032559845913968634,0.04073327611645242
133,2019-11-10,217454,19551,189763,177951,11839,152668,8890,639,7758,1432247,101590,1206226,0.040882209570759796,0.03268375019180605,0.040882574579870684
289,2019-11-11,192481,17328,154622,159039,10596,124307,7898,569,6344,1281658,91101,1066617,0.04103262140159288,0.03283702677746999,0.04102909029762906
448,2019-11-12,162862,13694,146511,134336,8289,119261,6706,451,6033,1077114,74483,931794,0.041175964927361815,0.03293413173652695,0.04117779552388558
607,2019-11-13,158140,12921,131499,130729,7810,106228,6535,427,5434,1004540,65118,867056,0.04132414316428481,0.0330469777880969,0.04132350816356018
763,2019-11-14,153704,11382,116806,127875,6839,93900,6374,378,4844,983254,60284,742720,0.04146931764950815,0.033210332103321034,0.041470472407239355
919,2019-11-15,147660,10434,102634,123984,6291,82347,6144,347,4270,959641,52282,641636,0.04160910199106054,0.03325666091623539,0.04160414677397354
1075,2019-11-16,130445,9318,99686,109018,5599,80557,5446,311,4161,882528,47145,648524,0.04174939629729005,0.03337626100021464,0.041741066950223706
136,2019-11-17,252009,15629,167922,214135,9381,135625,10554,524,7033,1611873,79216,1153392,0.04187945668607074,0.0335274169812528,0.041882540703421824
292,2019-11-18,211358,14512,144453,177644,8727,115770,8880,488,6069,1352896,78748,932689,0.042014023599769114,0.03362734288864388,0.04201366534443729
451,2019-11-19,181390,12373,132594,153779,7499,108093,7644,417,5587,1166896,68880,908071,0.042141242626385134,0.033702416552170045,0.04213614492360137
610,2019-11-20,170125,12892,121133,144305,7921,98477,7190,436,5119,1145796,66864,848630,0.042263041880969875,0.03381942289792119,0.04225933478077815
766,2019-11-21,157456,10218,113894,134046,6180,93113,6673,346,4827,1015893,51998,758945,0.0423800934864343,0.033861812487766686,0.04238151263455494
922,2019-11-22,154949,9548,94201,132042,5743,75433,6584,325,4003,1030815,50689,638502,0.04249140039625941,0.034038542103058234,0.04249424103778091
1078,2019-11-23,137322,8785,89833,117592,5335,72952,5850,299,3827,964315,50556,612375,0.04260060296238039,0.034035287421741604,0.04260127124775973
139,2019-11-24,251511,15657,158909,214859,9453,128180,10739,535,6785,1668770,87038,1037249,0.04269793368878498,0.034170019799450724,0.04269739284747875
295,2019-11-25,217210,13871,127981,186959,8465,103109,9295,475,5476,1443697,77184,843240,0.04279268910271166,0.03424410640905486,0.04278760128456568
454,2019-11-26,188985,11039,113480,162359,6650,91471,8103,379,4865,1231509,58677,740773,0.04287641876339392,0.03433282000181176,0.04287099048290448
613,2019-11-27,174499,11696,103153,150187,7181,83135,7495,402,4430,1126865,63686,717019,0.04295153553888561,0.034370725034199724,0.0429459152908786
769,2019-11-28,165988,9670,89486,144027,5881,71876,7140,333,3849,1074924,50456,621187,0.043015157722244984,0.034436401240951396,0.04301231477549561
925,2019-11-29,149152,8628,83221,129237,5235,67037,6424,297,3584,1047180,45663,548613,0.04307015661875134,0.03442280945757997,0.043066053039497246
1081,2019-11-30,130662,7568,78797,112797,4576,63856,5633,261,3397,886197,41199,514754,0.04311123356446404,0.034487315010570826,0.0431107783291242
142,2019-12-01,243687,13435,129540,213005,8175,104630,10511,464,5587,1667071,76360,871982,0.043133199555167076,0.03453665798288054,0.0431295352786784
298,2019-12-02,189267,10926,120979,165176,6676,99836,8165,377,5219,1258492,62049,823696,0.043140114230161626,0.03450485081457075,0.043139718463534996
457,2019-12-03,168981,9117,97579,146439,5485,78952,7288,315,4209,1099298,47705,641139,0.04312910918979057,0.034550839091806514,0.04313428094159604
616,2019-12-04,156993,9490,82948,136222,5798,66457,6766,327,3575,1018131,50255,543198,0.0430974629442077,0.03445732349841939,0.04309929112214882
772,2019-12-05,140426,8019,75227,121490,4851,60198,6044,276,3238,915931,45595,519535,0.04304046259239742,0.034418256640478866,0.043043056349449
928,2019-12-06,121756,6862,69575,104829,4124,55856,5230,236,2989,799202,37752,463633,0.042954761982982356,0.034392305450306034,0.04296083363277039
1084,2019-12-07,106187,6482,60535,91142,3922,48434,4549,222,2593,696990,34109,406944,0.04283951896183148,0.03424868867633447,0.042834723713554144
145,2019-12-08,181711,10780,105915,156468,6521,85251,7754,368,4520,1164225,58684,691741,0.042672155235511336,0.034137291280148425,0.042675730538639475
301,2019-12-09,141055,8507,88614,120373,5111,71352,5990,289,3763,918966,45165,639342,0.04246570486689589,0.03397202303984954,0.04246507323899158
460,2019-12-10,115034,7390,72356,97523,4445,57888,4854,249,3053,759415,39286,503202,0.0421962202479267,0.033694181326116374,0.042194151141577756
619,2019-12-11,93660,7351,65168,78571,4486,52246,3921,246,2728,629782,38616,444895,0.041864189622037154,0.03346483471636512,0.04186103609133317
775,2019-12-12,73360,5951,58926,60829,3605,47541,3040,197,2442,465829,29807,383522,0.04143947655398037,0.033103680053772476,0.041441808369819776
931,2019-12-13,57399,5380,48496,47042,3280,38917,2348,176,1984,359711,27595,306686,0.04090663600411157,0.03271375464684015,0.04091059056417024
1087,2019-12-14,41047,4450,40129,33113,2719,32281,1652,143,1615,260995,23152,261658,0.04024654664165469,0.032134831460674154,0.04024520920032894
148,2019-12-15,54820,6211,62243,43423,3747,50092,2160,196,2452,324944,30714,371517,0.039401678219627874,0.031556915150539364,0.03939398807898077
304,2019-12-16,46015,5088,54822,36380,3055,44302,1807,160,2153,290961,25460,328086,0.03926980332500272,0.031446540880503145,0.0392725548137609
463,2019-12-17,39907,4733,50220,31498,2862,40793,1563,148,1967,253193,24725,313248,0.03916606109203899,0.03126980773293894,0.03916766228594185
622,2019-12-18,36686,4391,49122,28741,2638,39914,1434,137,1920,221652,21623,298339,0.03908848061930982,0.03120018219084491,0.039086356418712595
778,2019-12-19,36079,4536,45016,28163,2732,36125,1407,142,1755,213125,22277,263682,0.03899775492668866,0.03130511463844797,0.038986138261951304
934,2019-12-20,31717,3966,45392,24734,2385,37020,1235,124,1767,192370,18915,270010,0.03893810890058959,0.031265758951084216,0.03892756432851604
1090,2019-12-21,31243,3733,41470,24454,2240,33628,1214,116,1612,188931,17972,249946,0.03885670390167398,0.031074203053844094,0.038871473354231974
151,2019-12-22,57302,7372,78660,44703,4451,63844,2225,229,3054,373968,35925,475503,0.03882936023175456,0.03106348345089528,0.038825324180015254
307,2019-12-23,50991,7070,67852,39660,4296,54693,1978,219,2632,309593,33083,427804,0.038791159224176815,0.030975954738330976,0.03879030831810411
466,2019-12-24,47517,6260,61254,36880,3771,49075,1842,194,2374,303708,32195,380588,0.03876507355262327,0.030990415335463258,0.03875665262676723
625,2019-12-25,43445,5601,62288,33899,3383,50841,1683,174,2413,264743,27316,371855,0.0387386350558177,0.031065881092662024,0.03873940405856666
781,2019-12-26,44098,5607,57635,34296,3370,46350,1708,174,2232,270462,27199,337601,0.03873191527960452,0.03103263777421081,0.038726468291836555
937,2019-12-27,42562,6187,54228,33078,3778,43440,1648,192,2100,251564,31436,339571,0.03871998496311264,0.03103281073218038,0.03872538172161983
1093,2019-12-28,41826,5386,50966,32655,3255,40786,1620,167,1974,257115,25728,296279,0.03873188925548702,0.031006312662458225,0.03873170348860024
154,2019-12-29,76319,10078,99361,59177,6067,79627,2957,312,3849,448239,47436,603925,0.03874526657844049,0.03095852351657075,0.038737532834814466
310,2019-12-30,71525,8327,84511,56156,4997,67749,2772,258,3275,417442,42194,496956,0.0387556798322265,0.030983547496097035,0.038752351764859014
469,2019-12-31,60565,7725,82702,47066,4641,66821,2348,240,3207,373755,36458,520348,0.038768265499876164,0.031067961165048542,0.038777780464801334
